{
  "project_info": {
    "project_number": "693862039029",
    "firebase_url": "https://dbmsproject-67c95.firebaseio.com",
    "project_id": "dbmsproject-67c95",
    "storage_bucket": "dbmsproject-67c95.appspot.com"
  },
  "client": [
    {
      "client_info": {
        "mobilesdk_app_id": "1:693862039029:android:6354001caa4bf983a974bc",
        "android_client_info": {
          "package_name": "com.example.flutter_auth"
        }
      },
      "oauth_client": [
        {
          "client_id": "693862039029-etfpl41g0j1mib1vaj2cmclpofkfi1ud.apps.googleusercontent.com",
          "client_type": 3
        }
      ],
      "api_key": [
        {
          "current_key": "AIzaSyBWXxoMLzMRZjNcsDDd3tEKd6TnwJiIqZg"
        }
      ],
      "services": {
        "appinvite_service": {
          "other_platform_oauth_client": [
            {
              "client_id": "693862039029-etfpl41g0j1mib1vaj2cmclpofkfi1ud.apps.googleusercontent.com",
              "client_type": 3
            }
          ]
        }
      }
    }
  ],
  "configuration_version": "1"
}